{
    "accuracy": [
        0.9445794820785522,
        0.9813539981842041,
        0.9849295020103455,
        0.9866074919700623,
        0.9875484108924866,
        0.9891480207443237,
        0.9894145727157593,
        0.9902457594871521,
        0.9906848073005676,
        0.9906377792358398,
        0.9914218783378601,
        0.9921589493751526,
        0.993256688117981,
        0.9936801195144653,
        0.9940407872200012,
        0.994385838508606,
        0.9950758218765259
    ],
    "val_accuracy": [
        0.7349823117256165,
        0.983283519744873,
        0.8746262788772583,
        0.9881761074066162,
        0.9873607158660889,
        0.9840309619903564,
        0.9883120656013489,
        0.9883120656013489,
        0.9893993139266968,
        0.9898749589920044,
        0.9896711111068726,
        0.9898749589920044,
        0.9900108575820923,
        0.9904865622520447,
        0.9912340044975281,
        0.9910981059074402,
        0.9899429082870483
    ],
    "loss": [
        0.14709699153900146,
        0.06274391710758209,
        0.05130814388394356,
        0.04695070534944534,
        0.04233210161328316,
        0.03846890479326248,
        0.03483886644244194,
        0.03377429395914078,
        0.03201891481876373,
        0.031242577359080315,
        0.029038984328508377,
        0.02674824185669422,
        0.023224854841828346,
        0.01977735199034214,
        0.01939086616039276,
        0.01774495840072632,
        0.0162397101521492
    ],
    "val_loss": [
        0.6370986104011536,
        0.04953201487660408,
        0.6820024847984314,
        0.040878307074308395,
        0.0410161130130291,
        0.05307750403881073,
        0.035967931151390076,
        0.04872589930891991,
        0.03814554587006569,
        0.03745605796575546,
        0.039484504610300064,
        0.04000934213399887,
        0.04511621594429016,
        0.03824009373784065,
        0.038332946598529816,
        0.0381561778485775,
        0.04658989980816841
    ],
    "epochs": 17,
    "training_time_minutes": 45.63075263897578
}